ph,batch_id,id,timestamp,hour
8.31,7686,1,2021-06-28T20:10:48,0.41999999999999815
8.32,7695,1,2021-06-28T20:55:48,1.1699999999999982
8.59,7704,1,2021-06-28T21:40:48,1.9199999999999982
8.76,7713,1,2021-06-28T22:25:48,2.669999999999998
8.87,7722,1,2021-06-28T23:10:48,3.419999999999998
8.96,7731,1,2021-06-28T23:55:48,4.169999999999998
9.04,7740,1,2021-06-29T00:40:48,4.919999999999998
9.1,7749,1,2021-06-29T01:25:48,5.669999999999998
9.16,7758,1,2021-06-29T02:10:48,6.419999999999998
9.2,7767,1,2021-06-29T02:55:48,7.169999999999998
9.24,7776,1,2021-06-29T03:40:48,7.919999999999998
9.27,7785,1,2021-06-29T04:25:48,8.669999999999998
9.31,7794,1,2021-06-29T05:10:48,9.419999999999998
9.32,7803,1,2021-06-29T05:55:48,10.169999999999998
9.34,7812,1,2021-06-29T06:40:48,10.919999999999998
9.32,7821,1,2021-06-29T07:25:48,11.669999999999998
9.34,7830,1,2021-06-29T08:10:48,12.419999999999998
9.35,7839,1,2021-06-29T08:55:48,13.169999999999998
9.37,7848,1,2021-06-29T09:40:48,13.919999999999998
9.37,7857,1,2021-06-29T10:25:48,14.669999999999998
9.39,7866,1,2021-06-29T11:10:48,15.419999999999998
9.41,7875,1,2021-06-29T11:55:48,16.169999999999998
9.44,7884,1,2021-06-29T12:40:48,16.919999999999998
9.47,7893,1,2021-06-29T13:25:48,17.669999999999998
9.48,7902,1,2021-06-29T14:10:48,18.419999999999998
9.51,7911,1,2021-06-29T14:55:48,19.169999999999998
9.51,7920,1,2021-06-29T15:40:48,19.919999999999998
9.52,7929,1,2021-06-29T16:25:48,20.669999999999998
9.53,7938,1,2021-06-29T17:10:48,21.419999999999998
9.55,7947,1,2021-06-29T17:55:48,22.169999999999998
9.52,7956,1,2021-06-29T18:40:48,22.919999999999998
9.43,7965,1,2021-06-29T19:25:48,23.669999999999998
9.3,7974,1,2021-06-29T20:10:48,24.419999999999998
9.18,7983,1,2021-06-29T20:55:48,25.169999999999998
9.07,7992,1,2021-06-29T21:40:48,25.919999999999998
9.14,8001,1,2021-06-29T22:25:48,26.669999999999998
9.23,8010,1,2021-06-29T23:10:48,27.419999999999998
9.32,8019,1,2021-06-29T23:55:48,28.169999999999998
9.39,8028,1,2021-06-30T00:40:48,28.919999999999998
9.47,8037,1,2021-06-30T01:25:48,29.669999999999998
9.53,8046,1,2021-06-30T02:10:48,30.419999999999998
9.58,8055,1,2021-06-30T02:55:48,31.169999999999998
9.62,8064,1,2021-06-30T03:40:48,31.919999999999998
9.64,8073,1,2021-06-30T04:25:48,32.67
9.68,8082,1,2021-06-30T05:10:48,33.42
9.7,8091,1,2021-06-30T05:55:48,34.17
9.73,8100,1,2021-06-30T06:40:48,34.92
9.76,8109,1,2021-06-30T07:25:48,35.67
9.78,8118,1,2021-06-30T08:10:48,36.42
9.81,8127,1,2021-06-30T08:55:48,37.17
9.82,8136,1,2021-06-30T09:40:48,37.92
9.84,8145,1,2021-06-30T10:25:48,38.67
9.86,8154,1,2021-06-30T11:10:48,39.42
9.88,8163,1,2021-06-30T11:55:48,40.17
9.89,8172,1,2021-06-30T12:40:48,40.92
9.9,8181,1,2021-06-30T13:25:48,41.67
9.89,8190,1,2021-06-30T14:10:48,42.42
9.8,8199,1,2021-06-30T14:55:48,43.17
9.36,8208,1,2021-06-30T15:50:48,44.08666666666666
9.35,8217,1,2021-06-30T16:35:48,44.83666666666666
9.39,8226,1,2021-06-30T17:20:48,45.58666666666666
9.34,8235,1,2021-06-30T18:05:48,46.33666666666666
9.15,8244,1,2021-06-30T18:50:48,47.08666666666666
8.93,8253,1,2021-06-30T19:35:48,47.83666666666666
8.91,8262,1,2021-06-30T20:20:48,48.58666666666666
8.9,8271,1,2021-06-30T21:05:48,49.33666666666666
8.81,8280,1,2021-06-30T21:50:48,50.08666666666666
8.84,8289,1,2021-06-30T22:35:48,50.83666666666666
8.9,8298,1,2021-06-30T23:20:48,51.58666666666666
8.99,8307,1,2021-07-01T00:05:48,52.33666666666666
9.07,8316,1,2021-07-01T00:50:48,53.08666666666666
9.13,8325,1,2021-07-01T01:35:48,53.83666666666666
9.16,8334,1,2021-07-01T02:20:48,54.58666666666666
9.19,8343,1,2021-07-01T03:05:48,55.33666666666666
9.22,8352,1,2021-07-01T03:50:48,56.08666666666666
9.26,8361,1,2021-07-01T04:35:48,56.83666666666666
9.28,8370,1,2021-07-01T05:20:48,57.58666666666666
9.29,8379,1,2021-07-01T06:05:48,58.33666666666666
9.3,8388,1,2021-07-01T06:50:48,59.08666666666666
9.24,8397,1,2021-07-01T07:35:48,59.83666666666666
9.18,8406,1,2021-07-01T08:20:48,60.58666666666666
9.15,8415,1,2021-07-01T09:05:48,61.33666666666666
9.14,8424,1,2021-07-01T09:50:48,62.08666666666666
9.15,8433,1,2021-07-01T10:35:48,62.83666666666666
9.13,8442,1,2021-07-01T11:20:48,63.58666666666666
9.12,8451,1,2021-07-01T12:05:48,64.33666666666666
9.15,8460,1,2021-07-01T12:50:48,65.08666666666666
9.16,8469,1,2021-07-01T13:35:48,65.83666666666666
9.12,8478,1,2021-07-01T14:20:48,66.58666666666666
9,8487,1,2021-07-01T15:05:48,67.33666666666666
8.97,8496,1,2021-07-01T15:50:48,68.08666666666666
9.09,8505,1,2021-07-01T16:35:48,68.83666666666666
9.16,8514,1,2021-07-01T17:20:48,69.58666666666666
9.17,8523,1,2021-07-01T18:05:48,70.33666666666666
9.13,8532,1,2021-07-01T18:50:48,71.08666666666666
9.09,8541,1,2021-07-01T19:35:48,71.83666666666666
9.02,8550,1,2021-07-01T20:20:48,72.58666666666666
8.98,8559,1,2021-07-01T21:05:48,73.33666666666666
8.86,8568,1,2021-07-01T21:50:48,74.08666666666666
8.87,8577,1,2021-07-01T22:35:48,74.83666666666666
8.9,8586,1,2021-07-01T23:20:48,75.58666666666666
8.95,8595,1,2021-07-02T00:05:48,76.33666666666666
8.99,8604,1,2021-07-02T00:50:48,77.08666666666666
9.01,8613,1,2021-07-02T01:35:48,77.83666666666666
9.03,8622,1,2021-07-02T02:20:48,78.58666666666666
9.07,8631,1,2021-07-02T03:05:48,79.33666666666666
9.1,8640,1,2021-07-02T03:50:48,80.08666666666666
9.11,8649,1,2021-07-02T04:35:48,80.83666666666666
9.12,8658,1,2021-07-02T05:20:48,81.58666666666666
9.13,8667,1,2021-07-02T06:05:48,82.33666666666666
9.14,8676,1,2021-07-02T06:50:48,83.08666666666666
9.14,8685,1,2021-07-02T07:35:48,83.83666666666666
9.14,8694,1,2021-07-02T08:20:48,84.58666666666666
9.16,8703,1,2021-07-02T09:05:48,85.33666666666666
9.17,8712,1,2021-07-02T09:50:48,86.08666666666666
9.18,8721,1,2021-07-02T10:35:48,86.83666666666666
9.18,8730,1,2021-07-02T11:20:48,87.58666666666666
9.19,8739,1,2021-07-02T12:05:48,88.33666666666666
9.2,8748,1,2021-07-02T12:50:48,89.08666666666666
9.19,8757,1,2021-07-02T13:35:48,89.83666666666666
9.19,8766,1,2021-07-02T14:20:48,90.58666666666666
9.1,8775,1,2021-07-02T15:05:48,91.33666666666666
9.05,8784,1,2021-07-02T15:50:48,92.08666666666666
9.08,8793,1,2021-07-02T16:35:48,92.83666666666666
9.11,8802,1,2021-07-02T17:20:48,93.58666666666666
9.09,8811,1,2021-07-02T18:05:48,94.33666666666666
9.03,8820,1,2021-07-02T18:50:48,95.08666666666666
8.92,8829,1,2021-07-02T19:35:48,95.83666666666666
8.8,8838,1,2021-07-02T20:20:48,96.58666666666666
8.78,8847,1,2021-07-02T21:05:48,97.33666666666666
8.75,8856,1,2021-07-02T21:50:48,98.08666666666666
8.8,8865,1,2021-07-02T22:35:48,98.83666666666666
8.86,8874,1,2021-07-02T23:20:48,99.58666666666666
8.92,8883,1,2021-07-03T00:05:48,100.33666666666666
8.97,8892,1,2021-07-03T00:50:48,101.08666666666666
9.02,8901,1,2021-07-03T01:35:48,101.83666666666666
9.05,8910,1,2021-07-03T02:20:48,102.58666666666666
9.06,8919,1,2021-07-03T03:05:48,103.33666666666666
9.05,8928,1,2021-07-03T03:50:48,104.08666666666666
9.05,8937,1,2021-07-03T04:35:48,104.83666666666666
9.05,8946,1,2021-07-03T05:20:48,105.58666666666666
9.05,8955,1,2021-07-03T06:05:48,106.33666666666666
9.04,8964,1,2021-07-03T06:50:48,107.08666666666666
9.02,8973,1,2021-07-03T07:35:48,107.83666666666666
9.01,8982,1,2021-07-03T08:20:48,108.58666666666666
9,8991,1,2021-07-03T09:05:48,109.33666666666666
9,9000,1,2021-07-03T09:50:48,110.08666666666666
8.99,9009,1,2021-07-03T10:35:48,110.83666666666666
8.99,9018,1,2021-07-03T11:20:48,111.58666666666666
8.97,9027,1,2021-07-03T12:05:48,112.33666666666666
8.95,9036,1,2021-07-03T12:50:48,113.08666666666666
8.95,9045,1,2021-07-03T13:35:48,113.83666666666666
8.94,9054,1,2021-07-03T14:20:48,114.58666666666666
8.93,9063,1,2021-07-03T15:05:48,115.33666666666666
8.91,9072,1,2021-07-03T15:50:48,116.08666666666666
8.91,9081,1,2021-07-03T16:35:48,116.83666666666666
8.91,9090,1,2021-07-03T17:20:48,117.58666666666666
8.9,9099,1,2021-07-03T18:05:48,118.33666666666666
8.87,9108,1,2021-07-03T18:50:48,119.08666666666666
8.86,9117,1,2021-07-03T19:35:48,119.83666666666666
8.85,9126,1,2021-07-03T20:20:48,120.58666666666666
8.82,9135,1,2021-07-03T21:05:48,121.33666666666666
8.78,9144,1,2021-07-03T21:50:48,122.08666666666666
8.74,9153,1,2021-07-03T22:35:48,122.83666666666666
8.73,9162,1,2021-07-03T23:20:48,123.58666666666666
8.74,9171,1,2021-07-04T00:05:48,124.33666666666666
8.74,9180,1,2021-07-04T00:50:48,125.08666666666666
8.75,9189,1,2021-07-04T01:35:48,125.83666666666666
8.76,9198,1,2021-07-04T02:20:48,126.58666666666666
8.77,9207,1,2021-07-04T03:05:48,127.33666666666666
8.77,9216,1,2021-07-04T03:50:48,128.08666666666667
8.77,9225,1,2021-07-04T04:35:48,128.83666666666667
8.75,9234,1,2021-07-04T05:20:48,129.58666666666667
8.73,9243,1,2021-07-04T06:05:48,130.33666666666667
8.72,9252,1,2021-07-04T06:50:48,131.08666666666667
8.72,9261,1,2021-07-04T07:35:48,131.83666666666667
8.72,9270,1,2021-07-04T08:20:48,132.58666666666667
8.71,9279,1,2021-07-04T09:05:48,133.33666666666667
8.7,9288,1,2021-07-04T09:50:48,134.08666666666667
8.69,9297,1,2021-07-04T10:35:48,134.83666666666667
8.7,9306,1,2021-07-04T11:20:48,135.58666666666667
8.69,9315,1,2021-07-04T12:05:48,136.33666666666667
8.71,9324,1,2021-07-04T12:50:48,137.08666666666667
8.72,9333,1,2021-07-04T13:35:48,137.83666666666667
8.74,9342,1,2021-07-04T14:20:48,138.58666666666667
8.74,9351,1,2021-07-04T15:05:48,139.33666666666667
8.75,9360,1,2021-07-04T15:50:48,140.08666666666667
8.75,9369,1,2021-07-04T16:35:48,140.83666666666667
8.75,9378,1,2021-07-04T17:20:48,141.58666666666667
8.76,9387,1,2021-07-04T18:05:48,142.33666666666667
8.78,9396,1,2021-07-04T18:50:48,143.08666666666667
8.78,9405,1,2021-07-04T19:35:48,143.83666666666667
8.77,9414,1,2021-07-04T20:20:48,144.58666666666667
8.78,9423,1,2021-07-04T21:05:48,145.33666666666667
8.78,9432,1,2021-07-04T21:50:48,146.08666666666667
8.78,9441,1,2021-07-04T22:35:48,146.83666666666667
8.77,9450,1,2021-07-04T23:20:48,147.58666666666667
8.76,9459,1,2021-07-05T00:05:48,148.33666666666667
8.74,9468,1,2021-07-05T00:50:48,149.08666666666667
8.74,9477,1,2021-07-05T01:35:48,149.83666666666667
8.74,9486,1,2021-07-05T02:20:48,150.58666666666667
8.73,9495,1,2021-07-05T03:05:48,151.33666666666667
8.73,9504,1,2021-07-05T03:50:48,152.08666666666667
8.71,9513,1,2021-07-05T04:35:48,152.83666666666667
8.72,9522,1,2021-07-05T05:20:48,153.58666666666667
8.71,9531,1,2021-07-05T06:05:48,154.33666666666667
8.71,9540,1,2021-07-05T06:50:48,155.08666666666667
8.71,9549,1,2021-07-05T07:35:48,155.83666666666667
8.7,9558,1,2021-07-05T08:20:48,156.58666666666667
8.7,9567,1,2021-07-05T09:05:48,157.33666666666667
8.7,9576,1,2021-07-05T09:50:48,158.08666666666667
8.69,9585,1,2021-07-05T10:35:48,158.83666666666667
8.67,9594,1,2021-07-05T11:20:48,159.58666666666667
8.68,9603,1,2021-07-05T12:05:48,160.33666666666667
8.7,9612,1,2021-07-05T12:50:48,161.08666666666667
8.72,9621,1,2021-07-05T13:35:48,161.83666666666667
8.74,9630,1,2021-07-05T14:20:48,162.58666666666667
8.74,9639,1,2021-07-05T15:05:48,163.33666666666667
8.73,9648,1,2021-07-05T15:50:48,164.08666666666667
8.73,9657,1,2021-07-05T16:35:48,164.83666666666667
8.73,9666,1,2021-07-05T17:20:48,165.58666666666667
8.64,9675,1,2021-07-05T18:05:48,166.33666666666667
8.56,9684,1,2021-07-05T18:50:48,167.08666666666667
8.63,9693,1,2021-07-05T19:35:48,167.83666666666667
8.65,9702,1,2021-07-05T20:20:48,168.58666666666667
8.6,9711,1,2021-07-05T21:05:48,169.33666666666667
8.58,9720,1,2021-07-05T21:50:48,170.08666666666667
8.6,9729,1,2021-07-05T22:35:48,170.83666666666667
8.64,9738,1,2021-07-05T23:20:48,171.58666666666667
8.67,9747,1,2021-07-06T00:05:48,172.33666666666667
8.68,9756,1,2021-07-06T00:50:48,173.08666666666667
8.7,9765,1,2021-07-06T01:35:48,173.83666666666667
8.7,9774,1,2021-07-06T02:20:48,174.58666666666667
8.7,9783,1,2021-07-06T03:05:48,175.33666666666667
8.69,9792,1,2021-07-06T03:50:48,176.08666666666667
8.69,9801,1,2021-07-06T04:35:48,176.83666666666667
8.68,9810,1,2021-07-06T05:20:48,177.58666666666667
8.68,9819,1,2021-07-06T06:05:48,178.33666666666667
8.67,9828,1,2021-07-06T06:50:48,179.08666666666667
8.66,9837,1,2021-07-06T07:35:48,179.83666666666667
8.66,9846,1,2021-07-06T08:20:48,180.58666666666667
8.66,9855,1,2021-07-06T09:05:48,181.33666666666667
8.67,9864,1,2021-07-06T09:50:48,182.08666666666667
8.67,9873,1,2021-07-06T10:35:48,182.83666666666667
8.67,9882,1,2021-07-06T11:20:48,183.58666666666667
8.66,9891,1,2021-07-06T12:05:48,184.33666666666667
8.65,9900,1,2021-07-06T12:50:48,185.08666666666667
8.66,9909,1,2021-07-06T13:35:48,185.83666666666667
8.66,9918,1,2021-07-06T14:20:48,186.58666666666667
8.68,9927,1,2021-07-06T15:05:48,187.33666666666667
8.69,9936,1,2021-07-06T15:50:48,188.08666666666667
8.68,9945,1,2021-07-06T16:35:48,188.83666666666667
8.69,9954,1,2021-07-06T17:20:48,189.58666666666667
8.61,9963,1,2021-07-06T18:05:48,190.33666666666667
7.79,7686,2,2021-06-28T20:10:48,0.41999999999999815
7.81,7695,2,2021-06-28T20:55:48,1.1699999999999982
7.98,7704,2,2021-06-28T21:40:48,1.9199999999999982
8.09,7713,2,2021-06-28T22:25:48,2.669999999999998
8.15,7722,2,2021-06-28T23:10:48,3.419999999999998
8.2,7731,2,2021-06-28T23:55:48,4.169999999999998
8.23,7740,2,2021-06-29T00:40:48,4.919999999999998
8.26,7749,2,2021-06-29T01:25:48,5.669999999999998
8.27,7758,2,2021-06-29T02:10:48,6.419999999999998
8.3,7767,2,2021-06-29T02:55:48,7.169999999999998
8.3,7776,2,2021-06-29T03:40:48,7.919999999999998
8.31,7785,2,2021-06-29T04:25:48,8.669999999999998
8.31,7794,2,2021-06-29T05:10:48,9.419999999999998
8.31,7803,2,2021-06-29T05:55:48,10.169999999999998
8.3,7812,2,2021-06-29T06:40:48,10.919999999999998
8.31,7821,2,2021-06-29T07:25:48,11.669999999999998
8.33,7830,2,2021-06-29T08:10:48,12.419999999999998
8.34,7839,2,2021-06-29T08:55:48,13.169999999999998
8.37,7848,2,2021-06-29T09:40:48,13.919999999999998
8.38,7857,2,2021-06-29T10:25:48,14.669999999999998
8.38,7866,2,2021-06-29T11:10:48,15.419999999999998
8.4,7875,2,2021-06-29T11:55:48,16.169999999999998
8.45,7884,2,2021-06-29T12:40:48,16.919999999999998
8.47,7893,2,2021-06-29T13:25:48,17.669999999999998
8.5,7902,2,2021-06-29T14:10:48,18.419999999999998
8.51,7911,2,2021-06-29T14:55:48,19.169999999999998
8.45,7920,2,2021-06-29T15:40:48,19.919999999999998
8.46,7929,2,2021-06-29T16:25:48,20.669999999999998
8.47,7938,2,2021-06-29T17:10:48,21.419999999999998
8.45,7947,2,2021-06-29T17:55:48,22.169999999999998
8.39,7956,2,2021-06-29T18:40:48,22.919999999999998
8.29,7965,2,2021-06-29T19:25:48,23.669999999999998
8.2,7974,2,2021-06-29T20:10:48,24.419999999999998
8.17,7983,2,2021-06-29T20:55:48,25.169999999999998
8.18,7992,2,2021-06-29T21:40:48,25.919999999999998
8.28,8001,2,2021-06-29T22:25:48,26.669999999999998
8.37,8010,2,2021-06-29T23:10:48,27.419999999999998
8.43,8019,2,2021-06-29T23:55:48,28.169999999999998
8.48,8028,2,2021-06-30T00:40:48,28.919999999999998
8.52,8037,2,2021-06-30T01:25:48,29.669999999999998
8.56,8046,2,2021-06-30T02:10:48,30.419999999999998
8.59,8055,2,2021-06-30T02:55:48,31.169999999999998
8.61,8064,2,2021-06-30T03:40:48,31.919999999999998
8.64,8073,2,2021-06-30T04:25:48,32.67
8.64,8082,2,2021-06-30T05:10:48,33.42
8.65,8091,2,2021-06-30T05:55:48,34.17
8.65,8100,2,2021-06-30T06:40:48,34.92
8.65,8109,2,2021-06-30T07:25:48,35.67
8.66,8118,2,2021-06-30T08:10:48,36.42
8.66,8127,2,2021-06-30T08:55:48,37.17
8.67,8136,2,2021-06-30T09:40:48,37.92
8.68,8145,2,2021-06-30T10:25:48,38.67
8.68,8154,2,2021-06-30T11:10:48,39.42
8.69,8163,2,2021-06-30T11:55:48,40.17
8.68,8172,2,2021-06-30T12:40:48,40.92
8.68,8181,2,2021-06-30T13:25:48,41.67
8.69,8190,2,2021-06-30T14:10:48,42.42
8.6,8199,2,2021-06-30T14:55:48,43.17
8.15,8208,2,2021-06-30T15:50:48,44.08666666666666
8.25,8217,2,2021-06-30T16:35:48,44.83666666666666
8.3,8226,2,2021-06-30T17:20:48,45.58666666666666
8.18,8235,2,2021-06-30T18:05:48,46.33666666666666
8.06,8244,2,2021-06-30T18:50:48,47.08666666666666
8.13,8253,2,2021-06-30T19:35:48,47.83666666666666
8.17,8262,2,2021-06-30T20:20:48,48.58666666666666
8.14,8271,2,2021-06-30T21:05:48,49.33666666666666
8.09,8280,2,2021-06-30T21:50:48,50.08666666666666
8.14,8289,2,2021-06-30T22:35:48,50.83666666666666
8.2,8298,2,2021-06-30T23:20:48,51.58666666666666
8.26,8307,2,2021-07-01T00:05:48,52.33666666666666
8.31,8316,2,2021-07-01T00:50:48,53.08666666666666
8.36,8325,2,2021-07-01T01:35:48,53.83666666666666
8.39,8334,2,2021-07-01T02:20:48,54.58666666666666
8.43,8343,2,2021-07-01T03:05:48,55.33666666666666
8.44,8352,2,2021-07-01T03:50:48,56.08666666666666
8.46,8361,2,2021-07-01T04:35:48,56.83666666666666
8.47,8370,2,2021-07-01T05:20:48,57.58666666666666
8.48,8379,2,2021-07-01T06:05:48,58.33666666666666
8.46,8388,2,2021-07-01T06:50:48,59.08666666666666
8.44,8397,2,2021-07-01T07:35:48,59.83666666666666
8.43,8406,2,2021-07-01T08:20:48,60.58666666666666
8.44,8415,2,2021-07-01T09:05:48,61.33666666666666
8.44,8424,2,2021-07-01T09:50:48,62.08666666666666
8.44,8433,2,2021-07-01T10:35:48,62.83666666666666
8.41,8442,2,2021-07-01T11:20:48,63.58666666666666
8.42,8451,2,2021-07-01T12:05:48,64.33666666666666
8.45,8460,2,2021-07-01T12:50:48,65.08666666666666
8.46,8469,2,2021-07-01T13:35:48,65.83666666666666
8.38,8478,2,2021-07-01T14:20:48,66.58666666666666
8.17,8487,2,2021-07-01T15:05:48,67.33666666666666
8.21,8496,2,2021-07-01T15:50:48,68.08666666666666
8.3,8505,2,2021-07-01T16:35:48,68.83666666666666
8.35,8514,2,2021-07-01T17:20:48,69.58666666666666
8.29,8523,2,2021-07-01T18:05:48,70.33666666666666
8.25,8532,2,2021-07-01T18:50:48,71.08666666666666
8.22,8541,2,2021-07-01T19:35:48,71.83666666666666
8.17,8550,2,2021-07-01T20:20:48,72.58666666666666
8.14,8559,2,2021-07-01T21:05:48,73.33666666666666
8.1,8568,2,2021-07-01T21:50:48,74.08666666666666
8.14,8577,2,2021-07-01T22:35:48,74.83666666666666
8.17,8586,2,2021-07-01T23:20:48,75.58666666666666
8.2,8595,2,2021-07-02T00:05:48,76.33666666666666
8.22,8604,2,2021-07-02T00:50:48,77.08666666666666
8.24,8613,2,2021-07-02T01:35:48,77.83666666666666
8.26,8622,2,2021-07-02T02:20:48,78.58666666666666
8.28,8631,2,2021-07-02T03:05:48,79.33666666666666
8.28,8640,2,2021-07-02T03:50:48,80.08666666666666
8.29,8649,2,2021-07-02T04:35:48,80.83666666666666
8.29,8658,2,2021-07-02T05:20:48,81.58666666666666
8.3,8667,2,2021-07-02T06:05:48,82.33666666666666
8.31,8676,2,2021-07-02T06:50:48,83.08666666666666
8.32,8685,2,2021-07-02T07:35:48,83.83666666666666
8.33,8694,2,2021-07-02T08:20:48,84.58666666666666
8.32,8703,2,2021-07-02T09:05:48,85.33666666666666
8.32,8712,2,2021-07-02T09:50:48,86.08666666666666
8.32,8721,2,2021-07-02T10:35:48,86.83666666666666
8.33,8730,2,2021-07-02T11:20:48,87.58666666666666
8.34,8739,2,2021-07-02T12:05:48,88.33666666666666
8.33,8748,2,2021-07-02T12:50:48,89.08666666666666
8.33,8757,2,2021-07-02T13:35:48,89.83666666666666
8.32,8766,2,2021-07-02T14:20:48,90.58666666666666
8.19,8775,2,2021-07-02T15:05:48,91.33666666666666
8.25,8784,2,2021-07-02T15:50:48,92.08666666666666
8.29,8793,2,2021-07-02T16:35:48,92.83666666666666
8.3,8802,2,2021-07-02T17:20:48,93.58666666666666
8.26,8811,2,2021-07-02T18:05:48,94.33666666666666
8.18,8820,2,2021-07-02T18:50:48,95.08666666666666
8.13,8829,2,2021-07-02T19:35:48,95.83666666666666
8.11,8838,2,2021-07-02T20:20:48,96.58666666666666
8.12,8847,2,2021-07-02T21:05:48,97.33666666666666
8.1,8856,2,2021-07-02T21:50:48,98.08666666666666
8.15,8865,2,2021-07-02T22:35:48,98.83666666666666
8.18,8874,2,2021-07-02T23:20:48,99.58666666666666
8.2,8883,2,2021-07-03T00:05:48,100.33666666666666
8.23,8892,2,2021-07-03T00:50:48,101.08666666666666
8.24,8901,2,2021-07-03T01:35:48,101.83666666666666
8.25,8910,2,2021-07-03T02:20:48,102.58666666666666
8.25,8919,2,2021-07-03T03:05:48,103.33666666666666
8.26,8928,2,2021-07-03T03:50:48,104.08666666666666
8.27,8937,2,2021-07-03T04:35:48,104.83666666666666
8.27,8946,2,2021-07-03T05:20:48,105.58666666666666
8.28,8955,2,2021-07-03T06:05:48,106.33666666666666
8.27,8964,2,2021-07-03T06:50:48,107.08666666666666
8.26,8973,2,2021-07-03T07:35:48,107.83666666666666
8.27,8982,2,2021-07-03T08:20:48,108.58666666666666
8.26,8991,2,2021-07-03T09:05:48,109.33666666666666
8.26,9000,2,2021-07-03T09:50:48,110.08666666666666
8.27,9009,2,2021-07-03T10:35:48,110.83666666666666
8.26,9018,2,2021-07-03T11:20:48,111.58666666666666
8.27,9027,2,2021-07-03T12:05:48,112.33666666666666
8.27,9036,2,2021-07-03T12:50:48,113.08666666666666
8.27,9045,2,2021-07-03T13:35:48,113.83666666666666
8.27,9054,2,2021-07-03T14:20:48,114.58666666666666
8.28,9063,2,2021-07-03T15:05:48,115.33666666666666
8.27,9072,2,2021-07-03T15:50:48,116.08666666666666
8.27,9081,2,2021-07-03T16:35:48,116.83666666666666
8.27,9090,2,2021-07-03T17:20:48,117.58666666666666
8.27,9099,2,2021-07-03T18:05:48,118.33666666666666
8.25,9108,2,2021-07-03T18:50:48,119.08666666666666
8.25,9117,2,2021-07-03T19:35:48,119.83666666666666
8.24,9126,2,2021-07-03T20:20:48,120.58666666666666
8.22,9135,2,2021-07-03T21:05:48,121.33666666666666
8.2,9144,2,2021-07-03T21:50:48,122.08666666666666
8.19,9153,2,2021-07-03T22:35:48,122.83666666666666
8.19,9162,2,2021-07-03T23:20:48,123.58666666666666
8.2,9171,2,2021-07-04T00:05:48,124.33666666666666
8.21,9180,2,2021-07-04T00:50:48,125.08666666666666
8.22,9189,2,2021-07-04T01:35:48,125.83666666666666
8.23,9198,2,2021-07-04T02:20:48,126.58666666666666
8.23,9207,2,2021-07-04T03:05:48,127.33666666666666
8.24,9216,2,2021-07-04T03:50:48,128.08666666666667
8.24,9225,2,2021-07-04T04:35:48,128.83666666666667
8.24,9234,2,2021-07-04T05:20:48,129.58666666666667
8.23,9243,2,2021-07-04T06:05:48,130.33666666666667
8.22,9252,2,2021-07-04T06:50:48,131.08666666666667
8.23,9261,2,2021-07-04T07:35:48,131.83666666666667
8.22,9270,2,2021-07-04T08:20:48,132.58666666666667
8.22,9279,2,2021-07-04T09:05:48,133.33666666666667
8.22,9288,2,2021-07-04T09:50:48,134.08666666666667
8.21,9297,2,2021-07-04T10:35:48,134.83666666666667
8.21,9306,2,2021-07-04T11:20:48,135.58666666666667
8.21,9315,2,2021-07-04T12:05:48,136.33666666666667
8.22,9324,2,2021-07-04T12:50:48,137.08666666666667
8.23,9333,2,2021-07-04T13:35:48,137.83666666666667
8.24,9342,2,2021-07-04T14:20:48,138.58666666666667
8.26,9351,2,2021-07-04T15:05:48,139.33666666666667
8.26,9360,2,2021-07-04T15:50:48,140.08666666666667
8.26,9369,2,2021-07-04T16:35:48,140.83666666666667
8.27,9378,2,2021-07-04T17:20:48,141.58666666666667
8.27,9387,2,2021-07-04T18:05:48,142.33666666666667
8.28,9396,2,2021-07-04T18:50:48,143.08666666666667
8.28,9405,2,2021-07-04T19:35:48,143.83666666666667
8.29,9414,2,2021-07-04T20:20:48,144.58666666666667
8.29,9423,2,2021-07-04T21:05:48,145.33666666666667
8.29,9432,2,2021-07-04T21:50:48,146.08666666666667
8.29,9441,2,2021-07-04T22:35:48,146.83666666666667
8.27,9450,2,2021-07-04T23:20:48,147.58666666666667
8.27,9459,2,2021-07-05T00:05:48,148.33666666666667
8.27,9468,2,2021-07-05T00:50:48,149.08666666666667
8.27,9477,2,2021-07-05T01:35:48,149.83666666666667
8.26,9486,2,2021-07-05T02:20:48,150.58666666666667
8.27,9495,2,2021-07-05T03:05:48,151.33666666666667
8.26,9504,2,2021-07-05T03:50:48,152.08666666666667
8.25,9513,2,2021-07-05T04:35:48,152.83666666666667
8.24,9522,2,2021-07-05T05:20:48,153.58666666666667
8.23,9531,2,2021-07-05T06:05:48,154.33666666666667
8.23,9540,2,2021-07-05T06:50:48,155.08666666666667
8.23,9549,2,2021-07-05T07:35:48,155.83666666666667
8.23,9558,2,2021-07-05T08:20:48,156.58666666666667
8.23,9567,2,2021-07-05T09:05:48,157.33666666666667
8.24,9576,2,2021-07-05T09:50:48,158.08666666666667
8.24,9585,2,2021-07-05T10:35:48,158.83666666666667
8.23,9594,2,2021-07-05T11:20:48,159.58666666666667
8.23,9603,2,2021-07-05T12:05:48,160.33666666666667
8.25,9612,2,2021-07-05T12:50:48,161.08666666666667
8.27,9621,2,2021-07-05T13:35:48,161.83666666666667
8.27,9630,2,2021-07-05T14:20:48,162.58666666666667
8.27,9639,2,2021-07-05T15:05:48,163.33666666666667
8.27,9648,2,2021-07-05T15:50:48,164.08666666666667
8.27,9657,2,2021-07-05T16:35:48,164.83666666666667
8.27,9666,2,2021-07-05T17:20:48,165.58666666666667
8.17,9675,2,2021-07-05T18:05:48,166.33666666666667
8.15,9684,2,2021-07-05T18:50:48,167.08666666666667
8.21,9693,2,2021-07-05T19:35:48,167.83666666666667
8.21,9702,2,2021-07-05T20:20:48,168.58666666666667
8.17,9711,2,2021-07-05T21:05:48,169.33666666666667
8.17,9720,2,2021-07-05T21:50:48,170.08666666666667
8.2,9729,2,2021-07-05T22:35:48,170.83666666666667
8.22,9738,2,2021-07-05T23:20:48,171.58666666666667
8.24,9747,2,2021-07-06T00:05:48,172.33666666666667
8.26,9756,2,2021-07-06T00:50:48,173.08666666666667
8.26,9765,2,2021-07-06T01:35:48,173.83666666666667
8.26,9774,2,2021-07-06T02:20:48,174.58666666666667
8.25,9783,2,2021-07-06T03:05:48,175.33666666666667
8.25,9792,2,2021-07-06T03:50:48,176.08666666666667
8.25,9801,2,2021-07-06T04:35:48,176.83666666666667
8.25,9810,2,2021-07-06T05:20:48,177.58666666666667
8.26,9819,2,2021-07-06T06:05:48,178.33666666666667
8.26,9828,2,2021-07-06T06:50:48,179.08666666666667
8.25,9837,2,2021-07-06T07:35:48,179.83666666666667
8.26,9846,2,2021-07-06T08:20:48,180.58666666666667
8.26,9855,2,2021-07-06T09:05:48,181.33666666666667
8.27,9864,2,2021-07-06T09:50:48,182.08666666666667
8.29,9873,2,2021-07-06T10:35:48,182.83666666666667
8.3,9882,2,2021-07-06T11:20:48,183.58666666666667
8.3,9891,2,2021-07-06T12:05:48,184.33666666666667
8.3,9900,2,2021-07-06T12:50:48,185.08666666666667
8.31,9909,2,2021-07-06T13:35:48,185.83666666666667
8.33,9918,2,2021-07-06T14:20:48,186.58666666666667
8.34,9927,2,2021-07-06T15:05:48,187.33666666666667
8.36,9936,2,2021-07-06T15:50:48,188.08666666666667
8.35,9945,2,2021-07-06T16:35:48,188.83666666666667
8.22,9954,2,2021-07-06T17:20:48,189.58666666666667
8.12,9963,2,2021-07-06T18:05:48,190.33666666666667
